Year,Bond Fund,Equity Fund,Cash,Bond Copy,Bond Copy 2
2025,106.6016293951272,530.0027025534382,59622.71753970641,718.2168156578131,810.1367739183797
2026,111.68517636337599,550.4571036127968,114528.94324768559,1204.0890447492486,1509.1272265265125
2027,117.6872200923632,590.497380933757,182935.56842912646,1692.3190354227913,2318.408193163767