Year,Bond Fund,Equity Fund,Cash,Bond Copy,Bond Copy 2
2025,22459.4197473366,35956.67996423594,58280.30720630849,480.5564081122039,724.4486334787011
2026,8367.950346368252,31861.672623589002,113317.03842243344,826.5839818397575,1263.375733356786
2027,7758.227972589097,28835.854881227006,173497.3834976939,1167.8092178798283,1796.3277594167948