Year,Bond Fund,Equity Fund,Cash,Bond Copy,Bond Copy 2
2025,205.9687885897343,538.4692299402801,59629.22770988013,708.475547249262,804.5062847153074
2026,218.73825804175988,554.66074780062,114540.626000246,1160.1994947082126,1495.5604609456332
2027,226.1469347605282,600.6197570755534,174587.7503068271,1692.852859618759,2284.286167756077