Year,Bond Fund,Equity Fund,Cash,Bond Copy,Bond Copy 2
2025,14748.655133188007,58994.62053275203,59628.84588548019,714.8972814729991,812.2188375510805
2026,544927.8027857444,49812.98522773805,114556.01615962147,1179.2560470321662,1503.5147520569583
2027,67080.42751666342,52777.25392261671,174618.8030954732,1696.447163176302,2286.134439134071