Year,Bond Fund,Equity Fund,Cash,Bond Copy,Bond Copy 2
2025,20162.09296526014,36642.25037949617,58285.82233050831,482.706210633801,725.1639096583216
2026,18811.690097208688,33830.032823655885,112634.00311253205,841.0354810477141,1281.0920996625039
2027,17162.849512045836,30234.836341495822,172753.54520147038,1196.719437119288,1776.0142059739276