Year,Bond Fund,Equity Fund,Cash,Bond Copy,Bond Copy 2
2025,22634.53275967269,35605.11171219167,58290.041905520506,484.3481287940157,723.9226517982629
2026,7856.494270455617,32172.23732799284,113336.50092470307,855.146741445385,1249.9984889493105
2027,6817.756171184718,28345.155761840662,173520.9606711985,1199.7312577301113,1768.44650617418