Year,Bond Fund,Equity Fund,Cash,Bond Copy,Bond Copy 2
2025,11155.636455059142,7437.0909700394295,58266.64100277954,485.48929942391294,728.8045320671954
2026,10209.722165600691,6806.4814437337955,113256.14846227384,856.1101621574894,1245.8083729992313
2027,9411.941844237379,6274.627896158253,173400.4809358736,1203.033258617268,1768.2305955181196