Year,Bond Fund,Equity Fund,Cash,Bond Copy,Bond Copy 2
2025,14659.503283830574,58638.0131353223,59610.576614644575,721.065532232787,812.2949538772567
2026,552318.1715583776,49819.09373218127,114511.86066350024,1190.9998486621785,1491.8776621102634
2027,67127.64755654596,50965.93310562806,174530.62592264265,1717.8732875298294,2262.769297420119