Year,Bond Fund,Equity Fund,Cash,Bond Copy,Bond Copy 2
2025,12051.597404488113,45095.15375295488,58294.9171073766,485.58622291077853,725.0331592445586
2026,11192.460322154475,39252.171271557614,112681.66011111402,827.8935924580325,1270.5576656486228
2027,10163.150810518297,35341.08340274809,172845.42082939815,1167.1413976784336,1792.6648128847683