Year,Bond Fund,Equity Fund,Cash,Bond Copy,Bond Copy 2
2025,11710.708763199522,44586.72191003681,58282.24966274836,481.65035155635195,722.5927778989362
2026,4559.643767970275,38601.70074170667,113316.30991488573,834.9303858323246,1264.512915252053
2027,4088.7501418144425,34562.427761468716,173459.47554271237,1186.7330989421025,1779.3329289247686