Year,Bond Fund,Equity Fund,Cash,Bond Copy,Bond Copy 2
2025,14486.638099826094,57946.552399304375,59613.37860944687,712.3945979285139,815.9538336982769
2026,497556.4372181205,50232.928310503194,114522.8149519159,1173.0269601020243,1530.6054246016306
2027,67103.3267920925,51798.18261619456,174561.30042844123,1697.3083807849137,2351.943563942303