Year,Bond Fund,Equity Fund,Cash,Bond Copy,Bond Copy 2
2025,23163.024582796228,34791.00756928983,58299.82414267693,483.85540769967145,723.3064568587833
2026,6500.076297382024,30691.862444976156,113356.42234235012,850.7764680664716,1248.5385919483774
2027,3937.911470283371,27406.239697005476,173581.85380027333,1192.8710350185108,1751.7124359385114