Year,Bond Fund,Equity Fund,Cash,Bond Copy,Bond Copy 2
2025,99.49159208009985,66.32772805339991,58291.33679650066,482.92424940023875,721.9267353794982
2026,91.70236181652213,61.13490787768142,113347.8964848273,848.1205072705391,1278.7621735408138
2027,84.9379622400651,56.6253081600434,173566.97673019886,1198.8912469711854,1745.3434823857378