Year,Bond Fund,Equity Fund,Cash,Bond Copy,Bond Copy 2
2025,209.407573059155,514.5070496329331,59635.17133398726,712.5778692415788,798.9664357225747
2026,222.29389614142087,547.0172571018818,114571.27582865406,1189.9823396824684,1529.818838177132
2027,238.27365535651143,565.1832177627833,174597.30926050196,1669.0899904895166,2297.4391090824356