Year,Bond Fund,Equity Fund,Cash,Bond Copy,Bond Copy 2
2025,105.04254702534354,532.9399648749252,59600.90065076437,715.4173039759754,807.067760395296
2026,109.3705013127986,555.147852534574,114481.09279223054,1187.0510093217647,1511.4533598944583
2027,114.8426621825694,595.9420477359238,182838.4021547406,1706.3811157584012,2317.311680351337