Year,Bond Fund,Equity Fund,Cash,Bond Copy,Bond Copy 2
2025,23004.76983530412,34544.33099108962,58312.027143958374,484.9777133052785,721.3444124465137
2026,8416.347054952463,30124.187489604283,113391.90274593173,853.3764737954389,1265.9886657498355
2027,7315.043186887635,26059.502358668335,173619.29245521346,1212.2576972344273,1784.5200217133986