Year,Bond Fund,Equity Fund,Cash,Bond Copy,Bond Copy 2
2025,6563.163691791552,4375.442461194369,58295.599139609636,483.10506972747356,727.5974160266275
2026,563602.5567351964,375735.03782346426,113321.90431006158,853.1484497161102,1268.0482714164436
2027,45993158.62875513,30662105.75250342,173478.7619268002,1187.4527032564492,1803.0569539870517