Year,Bond Fund,Equity Fund,Cash,Bond Copy,Bond Copy 2
2025,208.21969629355382,522.4648079161756,59603.81102578441,704.3584768463716,805.0136000247857
2026,215.77011357440708,557.6762898573943,114485.49648713926,1169.9437639537628,1490.4655954610566
2027,225.18141957649365,578.3216447010334,174502.58493998376,1759.9198625025954,2287.6424790179817