Year,Bond Fund,Equity Fund,Cash,Bond Copy,Bond Copy 2
2025,11246.289101395347,45195.96245153802,58289.92204245814,479.2190346421346,725.4140785829193
2026,4319.427839707874,41420.915959653015,113324.10953353747,825.6180067062123,1276.7054665900944
2027,3935.3668158716823,36938.3859164019,173482.14875120137,1174.2329810644123,1777.5103751615861