Year,Bond Fund,Equity Fund,Cash,Bond Copy,Bond Copy 2
2025,35161.031648058684,23440.687765372455,58425.11692151972,650.9287123708135,766.0279570978614
2026,3003096.806884123,2002064.5379227488,113472.86439905489,983.7821778423606,1321.10109073858
2027,250896197.98399636,167264131.98933092,173667.09131815174,1292.7653823259252,1835.6450161890764