Year,Bond Fund,Equity Fund,Cash,Bond Copy,Bond Copy 2
2025,15204.986369279199,60819.945477116795,59623.821678063396,705.4092096503011,815.889251893279
2026,606652.5194520045,49731.08291110441,114536.3112341626,1175.4007104680322,1527.253933717222
2027,67123.03080625582,53478.854805543546,174554.1172459864,1695.1949036178419,2331.4315518791864