Year,Bond Fund,Equity Fund,Cash,Bond Copy,Bond Copy 2
2025,102.67186660169072,516.143211070385,59612.519020412794,712.4171760079671,808.6020424316742
2026,108.74888072122165,532.922956946133,114499.9910839769,1193.7097931446,1522.1481626969758
2027,115.16454773296452,568.7961752165282,174483.21019391995,1718.1057082318598,2331.1465261636135