Year,Bond Fund,Equity Fund,Cash,Bond Copy,Bond Copy 2
2025,206.64648212252595,520.8185451790856,59621.357699609485,715.7584754916077,803.5510020074472
2026,207.15608346449267,561.4455455548551,114529.9874917506,1187.9304950417977,1471.7762784897807
2027,210.3328724873511,582.9818026974983,174570.97641206963,1747.5636307785426,2228.9126312125945