Year,Bond Fund,Equity Fund,Cash,Bond Copy,Bond Copy 2
2025,211.6621555296871,534.5353018949605,59596.12781770973,719.7843804221135,801.9808145573327
2026,223.83664687003383,539.4557396009325,114480.42880079208,1190.1384312191249,1479.307163447184
2027,238.53808663513792,581.6206193639377,174512.42390598747,1735.8290904961432,2248.4475306773506