Year,Bond Fund,Equity Fund,Cash,Bond Copy,Bond Copy 2
2025,6551.062899603283,4367.375266402189,58311.24516497609,482.5204228262247,724.4722728529179
2026,545215.9570560021,363477.3047040014,113375.26614007329,832.3858073789565,1262.6702033408128
2027,45131280.431348324,30087520.287565548,173583.97011591776,1163.619485638044,1811.0837631597806