Year,Bond Fund,Equity Fund,Cash,Bond Copy,Bond Copy 2
2025,210.4469709862352,519.9962968551864,59621.2320563612,722.400733159636,805.6424487509898
2026,215.51246031770071,540.4714723797589,114544.64650421528,1199.1305850881715,1518.0319745472166
2027,224.46941266121965,579.8726229937005,174580.46514523562,1748.7241461920178,2310.7345165307843