Year,Bond Fund,Equity Fund,Cash,Bond Copy,Bond Copy 2
2025,14258.40437648061,57033.61750592245,58424.67138826684,717.6692982384967,810.4134993776665
2026,1493172.4375073637,5972689.750029455,113467.59921511574,1182.575469463837,1486.839150877734
2027,153784461.8510654,615137847.4042616,173673.5996984102,1727.141868204219,2290.826648233026