Year,Bond Fund,Equity Fund,Cash,Bond Copy,Bond Copy 2
2025,37655.22237784187,25103.481585227913,58275.4742296845,483.77238923141385,729.2309153827736
2026,35075.730804526516,23383.820536351013,113300.57962638086,830.9183495318221,1294.1921311556623
2027,31952.094510364463,21301.39634024298,173483.82216147182,1161.1006854035527,1819.4115868122308