Year,Bond Fund,Equity Fund,Cash,Bond Copy,Bond Copy 2
2025,104.46575391122174,535.9642587225401,59609.53897283354,709.6463662709205,806.6358046181596
2026,109.6110008328022,545.9275005348497,114506.86381599944,1178.236111793963,1506.7253595212596
2027,113.0791997058288,573.355872216797,182876.34092910608,1710.070996278965,2369.2818248251333