Year,Bond Fund,Equity Fund,Cash,Bond Copy,Bond Copy 2
2025,22750.514306506557,35490.25248308853,58278.173536681286,483.47166350334146,721.3856316166559
2026,8690.909372547592,32760.603602819818,113335.20258173646,852.3139858600521,1255.832887957638
2027,8012.2152647305,29668.699506082965,173500.8392676899,1183.1503105517347,1754.3548841233987