Year,Bond Fund,Equity Fund,Cash,Bond Copy,Bond Copy 2
2025,14459.190408400555,57836.76163360222,58402.68618332312,708.8409958615906,802.1544798910068
2026,513408.9351428627,50125.62366640977,113415.5578964808,1164.7566320823598,1487.0828978695572
2027,67121.83448085234,52160.593343850465,173578.78389415072,1705.6641142463034,2273.98640927008