Year,Bond Fund,Equity Fund,Cash,Bond Copy,Bond Copy 2
2025,98.50725127996981,65.6715008533132,58304.12680694256,481.8060339106043,726.6480945575767
2026,92.47214159559975,61.64809439706651,113366.60174026366,845.9064977025871,1266.9825129515202
2027,86.53677254845091,57.69118169896728,173607.72249428814,1201.9766624334402,1763.5824797789326