Year,Bond Fund,Equity Fund,Cash,Bond Copy,Bond Copy 2
2025,204.5830522306954,524.4417110311499,59627.6426347302,709.6349484333768,812.9347185767646
2026,204.39083862334758,561.0499318731869,114572.12695311272,1208.4900271553443,1512.0290768366465
2027,211.40156776851668,606.001740669009,174631.49228251373,1757.3283015020475,2266.642562667672