Year,Bond Fund,Equity Fund,Cash,Bond Copy,Bond Copy 2
2025,14833.353994489178,59333.41597795671,59602.492479912755,708.1030366015258,805.3154732177115
2026,553588.6818077564,49891.50678175173,114484.16218379431,1181.641718465414,1515.7655351472763
2027,67135.00734293491,51491.24475533313,174490.94712852789,1678.3993570292948,2276.465269359146