Year,Bond Fund,Equity Fund,Cash,Bond Copy,Bond Copy 2
2025,12138.837427586577,48555.34971034631,58416.924342507504,649.3338307663058,768.30919535109
2026,1009784.8434639535,4039139.373855814,113465.25753779431,993.4945212555995,1302.5755227360146
2027,86076286.10310674,344305144.41242695,173659.26739677205,1302.168781526915,1837.7959447264388