Year,Bond Fund,Equity Fund,Cash,Bond Copy,Bond Copy 2
2025,66.52414902822976,44.34943268548651,58274.55148386597,484.5766665468765,723.385695239195
2026,57.293385760435875,38.19559050695725,113295.60942521578,840.8426587013662,1255.8450794530697
2027,47.04365887498252,31.36243924998835,173480.20574032393,1176.7642322265604,1742.1868301742518