Year,Bond Fund,Equity Fund,Cash,Bond Copy,Bond Copy 2
2025,580.7889779512676,387.1926519675118,58303.79150929181,481.7985186111505,726.4215806825364
2026,530.7629541146347,353.8419694097565,113352.59125122982,842.2692097804282,1257.1787610054985
2027,502.1128756520914,334.74191710139434,173557.23410463057,1183.9347586790386,1772.7402990784226