Year,Bond Fund,Equity Fund,Cash,Bond Copy,Bond Copy 2
2025,14741.966990007488,58967.86796002995,59618.00494448738,703.9704543965738,807.8879514117856
2026,575483.323181323,49455.75207052493,114509.40681604535,1195.0263433879354,1481.0855880969148
2027,67127.72279531993,51977.6287513309,174522.9117142263,1698.5285309632764,2279.9577597853327