Year,Bond Fund,Equity Fund,Cash,Bond Copy,Bond Copy 2
2025,14876.436813500553,59505.74725400221,59610.06136948761,709.1754509584249,808.500983352804
2026,564884.124965396,49562.58271416365,114520.54407938384,1171.318052938031,1481.4689504749228
2027,67095.01313780794,51372.29109203079,174567.0979425224,1673.2901175915567,2298.1008032220634