Year,Bond Fund,Equity Fund,Cash,Bond Copy,Bond Copy 2
2025,38145.47895096834,25430.319300645562,58279.12883080362,483.087771445944,725.4517064309453
2026,35449.0975670525,23632.731711368335,113309.18818734103,841.2938129483598,1271.8528804358796
2027,32561.167321213394,21707.444880808933,173459.29180899804,1223.9322227995874,1761.3965608874469