Year,Bond Fund,Equity Fund,Cash,Bond Copy,Bond Copy 2
2025,14893.608533581024,59574.434134324096,59617.631546531404,703.1411857132473,805.8040130644736
2026,556942.8904133185,49562.041959229,114526.34192911768,1165.3275913717325,1482.977704441788
2027,67087.42845085297,52791.30741962376,174578.18410670603,1696.5683828354017,2266.589139930255