Year,Bond Fund,Equity Fund,Cash,Bond Copy,Bond Copy 2
2025,97.37179712785785,64.91453141857191,58282.991231883796,484.6657787698566,725.3918808417325
2026,89.70051631346693,59.80034420897796,113315.44404444119,846.1982475907155,1249.349355677963
2027,82.35637475421144,54.90424983614097,173482.03704794278,1195.1495309418726,1748.218454122717