Year,Bond Fund,Equity Fund,Cash,Bond Copy,Bond Copy 2
2025,22953.81409665454,35681.70188053772,58303.58618313954,484.860918532075,730.4402922240188
2026,8623.689546554164,30990.780483280818,113365.61412848029,825.8962693848171,1283.6409523752498
2027,8042.404641449876,28182.049996350717,173562.2136866542,1197.9697492783346,1776.5462748331217