Year,Bond Fund,Equity Fund,Cash,Bond Copy,Bond Copy 2
2025,12437.385434486361,44755.251636195935,58298.809612413,482.83843113386445,728.2384959662318
2026,11643.172815797026,39513.34217752839,112732.734254651,838.9292917039386,1272.1285159832155
2027,10996.494310884986,36044.591756656126,172910.32197616925,1199.0979937628056,1763.3774000614976